{
  "KNIFE": [
    [
      0.048318816494336225,
      0.0
    ]
  ],
  "Schraudolph": [
    [
      13.388418730237998,
      0.0
    ]
  ],
  "DoE": [
    [
      0.018318133700887862,
      0.0
    ]
  ]
}