{
  "KNIFE": [
    [
      0.5452361061279063,
      0.14330473861750476
    ]
  ],
  "Schraudolph": [
    [
      1.5414513304281101,
      0.1191718538756999
    ]
  ],
  "DoE": [
    [
      15.021665810011543,
      4.156476143172055
    ]
  ]
}