{
  "KNIFE": [
    [
      2.726543626991249,
      0.06244690957379526
    ]
  ],
  "Schraudolph": [
    [
      9.879207463912627,
      0.2408833569174613
    ]
  ],
  "DoE": [
    [
      3.6059721806826084,
      1.2157606770533247
    ]
  ]
}