{
  "KNIFE": [
    [
      11.24001505303625,
      2.3113050292669346
    ]
  ],
  "Schraudolph": [
    [
      15.207009246913957,
      2.2083961349077565
    ]
  ],
  "DoE": [
    [
      16.84677075967817,
      4.058199649987916
    ]
  ]
}