{
  "KNIFE": [
    [
      0.11535789781056838,
      0.0
    ]
  ],
  "Schraudolph": [
    [
      0.07083117987454679,
      0.0
    ]
  ],
  "DoE": [
    [
      2.0431681194063036,
      0.0
    ]
  ]
}