{
  "KNIFE": [
    [
      5.433625904351759,
      0.0
    ]
  ],
  "Schraudolph": [
    [
      6.009860385901089,
      0.0
    ]
  ],
  "DoE": [
    [
      173.96738561544728,
      0.0
    ]
  ]
}