{
  "KNIFE": [
    [
      0.04929391463346929,
      0.01275883245855945
    ]
  ],
  "Schraudolph": [
    [
      0.7461172256854708,
      0.012559579761155069
    ]
  ],
  "DoE": [
    [
      0.3815211141805073,
      0.32626570622552176
    ]
  ]
}